﻿<?xml version = "1.0" encoding = "utf-8" ?>
<hibernate-configuration xmlns = "urn:nhibernate-configuration-2.2">
  <session-factory>

    <property name="connection.connection_string">Host=localhost;Username=postgres;Password=admin;Database=test</property>
    <property name = "connection.driver_class">
      NHibernate.Driver.NpgsqlDriver
    </property>

    <property name = "dialect">
      NHibernate.Dialect.PostgreSQLDialect
    </property>

    <mapping assembly = "testApp_17"/>

  </session-factory>

</hibernate-configuration>
