﻿<?xml version="1.0" encoding="utf-8" ?>
<hibernate-mapping xmlns = "urn:nhibernate-mapping-2.2"
   assembly = "testApp_17" namespace = "testApp_17">

    <class name = "Worker" table="workers">
        <id name = "ID">
            <generator class = "native"/>
        </id>

        <property name = "Name" column="name"/>
        <property name = "Login" column="login"/>
        <property name = "Salary" column="salary"/>
        <property name = "Age" column="age"/>
        <property name = "Date" column="date"/>
    </class>

</hibernate-mapping>
